<?xml version="1.0" encoding="UTF-8" standalone="yes"?>
<addon id="plugin.program.wortownstreams" name="Wortownstreams Wizard" version="1.0" provider-name="Wortownstreams">
	<requires>
		<import addon="xbmc.python" version="2.1.0"/>
	</requires>
	<extension point="xbmc.python.pluginsource" library="default.py">
		<provides>executable</provides>
	</extension>
	<extension point="xbmc.service" library="startup.py" start="startup" />
	<extension point="xbmc.addon.metadata">
		<summary lang="en">Wortownstreams Wizard</summary>
		<description lang="en">Wortownstreams Wizard allows you to get access to the latest Wortownstreams Custom Builds.</description>
		<platform>all</platform>
		<license>GNU GENERAL PUBLIC LICENSE. Version 2, June 1991</license>
	</extension>
</addon>