<?xml version="1.0" encoding="UTF-8" standalone="yes"?>
<addon id="repository.wortownstreams" name="Wortownstreams Repository" version="1.0.0" provider-name="Wortownstreams">
	<extension point="xbmc.addon.repository" name="Wortownstreams Repository">
		<dir>
			<info compressed="false">https://raw.githubusercontent.com/totalrevolution/python-koding/master/zips/addons.xml</info>
			<checksum>https://raw.githubusercontent.com/totalrevolution/python-koding/master/zips/addons.xml.md5</checksum>
			<datadir zip="true">https://raw.githubusercontent.com/totalrevolution/python-koding/master/zips/</datadir>
		</dir>
		<dir>
			<info compressed="false">https://raw.githubusercontent.com/teamuniversal/scrapers/master/_modules4all/zips/addons.xml</info>
			<checksum>https://raw.githubusercontent.com/teamuniversal/scrapers/master/_modules4all/zips/addons.xml.md5</checksum>
			<datadir zip="true">https://raw.githubusercontent.com/teamuniversal/scrapers/master/_modules4all/zips/</datadir>
		</dir>
		<dir>
			<info compressed="false">https://raw.githubusercontent.com/jsergio123/zips/master/addons.xml</info>
			<checksum>https://raw.githubusercontent.com/jsergio123/zips/master/addons.xml.md5</checksum>
			<datadir zip="true">https://raw.githubusercontent.com/jsergio123/zips/master/</datadir>
		</dir>
		<info compressed="false">https://raw.githubusercontent.com/Wortownstreams/Wortownstreams/master/addons.xml</info>
		<checksum>https://raw.githubusercontent.com/Wortownstreams/Wortownstreams/master/addons.xml.md5</checksum>
		<datadir zip="true">https://raw.githubusercontent.com/Wortownstreams/Wortownstreams/master/zips/</datadir>
	</extension>
	<extension point="xbmc.addon.metadata">
		<summary>Wortownstreams Repository</summary>
		<description>Official Repository Of Wortownstreams</description>
		<platform>all</platform>
	</extension>
</addon>