<?xml version="1.0" encoding="UTF-8" standalone="yes"?>
<addon id="repository.wortownstreams" name="Wortownstreams Repository" version="1.0.0" provider-name="Wortownstreams">
	<extension point="xbmc.addon.repository" name="Wortownstreams Repository">
		<info compressed="false">https://raw.githubusercontent.com/wortownstreams/wortownstreams/master/addon.xml</info>
		<checksum>https://raw.githubusercontent.com/wortownstreams/wortownstreams/master/addons.xml.md5</checksum>
		<datadir zip="true">https://github.com/wortownstreams/wortownstreams/raw/master/zips</datadir>
	</extension>
	<extension point="xbmc.addon.metadata">
		<summary>Wortownstreams Repository</summary>
		<description>Official Repository Of Wortownstreams</description>
		<platform>all</platform>
	</extension>
</addon>

